0,0
2.26757e-05,0
4.53515e-05,0
6.80272e-05,0
9.07029e-05,0
0.000113379,0
0.000136054,0
0.00015873,0
0.000181406,0
0.000204082,0
0.000226757,0
0.000249433,0
0.000272109,0
0.000294785,0
0.00031746,0
0.000340136,0
0.000362812,0
0.000385488,0
0.000408163,0
0.000430839,0
0.000453515,0
0.00047619,0
0.000498866,0
0.000521542,0
0.000544218,0
0.000566893,0
0.000589569,0
0.000612245,0
0.000634921,0
0.000657596,0
0.000680272,0
0.000702948,0
0.000725624,0
0.000748299,0
0.000770975,0
0.000793651,0
0.000816327,0
0.000839002,0
0.000861678,0
0.000884354,0
0.000907029,0
0.000929705,0
0.000952381,0
0.000975057,0
0.000997732,0
0.00102041,0
0.00104308,0
0.00106576,0
0.00108844,0
0.00111111,0
0.00113379,0
0.00115646,0
0.00117914,0
0.00120181,0
0.00122449,0
0.00124717,0
0.00126984,0
0.00129252,0
0.00131519,0
0.00133787,0
0.00136054,0
0.00138322,0
0.0014059,0
0.00142857,0
0.00145125,0
0.00147392,0
0.0014966,0
0.00151927,0
0.00154195,0
0.00156463,0
0.0015873,0
0.00160998,0
0.00163265,0
0.00165533,0
0.001678,0
0.00170068,0
0.00172336,0
0.00174603,0
0.00176871,0
0.00179138,0
0.00181406,0
0.00183673,0
0.00185941,0
0.00188209,0
0.00190476,0
0.00192744,0
0.00195011,0
0.00197279,0
0.00199546,0
0.00201814,0
0.00204082,0
0.00206349,0
0.00208617,0
0.00210884,0
0.00213152,0
0.00215419,0
0.00217687,0
0.00219955,0
0.00222222,0
0.0022449,0
0.00226757,0
0.00229025,0
0.00231293,0
0.0023356,0
0.00235828,0
0.00238095,0
0.00240363,0
0.0024263,0
0.00244898,0
0.00247166,0
0.00249433,0
0.00251701,0
0.00253968,0
0.00256236,0
0.00258503,0
0.00260771,0
0.00263039,0
0.00265306,0
0.00267574,0
0.00269841,0
0.00272109,0
0.00274376,0
0.00276644,0
0.00278912,0
0.00281179,0
0.00283447,0
0.00285714,0
0.00287982,0
0.00290249,0
0.00292517,0
0.00294785,0.0402265
0.00297052,0.0682128
0.0029932,0.095931
0.00301587,0.123272
0.00303855,0.150129
0.00306122,0.176397
0.0030839,0.201971
0.00310658,0.226752
0.00312925,0.250642
0.00315193,0.273547
0.0031746,0.295378
0.00319728,0.316048
0.00321995,0.335476
0.00324263,0.353587
0.00326531,0.370308
0.00328798,0.385575
0.00331066,0.399327
0.00333333,0.411509
0.00335601,0.422076
0.00337868,0.430984
0.00340136,0.438199
0.00342404,0.443692
0.00344671,0.447442
0.00346939,0.449435
0.00349206,0.449661
0.00351474,0.448121
0.00353742,0.444821
0.00356009,0.439773
0.00358277,0.432997
0.00360544,0.424521
0.00362812,0.414376
0.00365079,0.402603
0.00367347,0.389249
0.00369615,0.374366
0.00371882,0.358012
0.0037415,0.340251
0.00376417,0.321153
0.00378685,0.300794
0.00380952,0.279253
0.0038322,0.256615
0.00385488,0.232969
0.00387755,0.208408
0.00390023,0.183028
0.0039229,0.156928
0.00394558,0.130213
0.00396825,0.102985
0.00399093,0.0753534
0.00401361,0.0474254
0.00403628,0.0193112
0.00405896,-0.00887895
0.00408163,-0.0370342
0.00410431,-0.0650439
0.00412698,-0.0927982
0.00414966,-0.120188
0.00417234,-0.147105
0.00419501,-0.173445
0.00421769,-0.199103
0.00424036,-0.223979
0.00426304,-0.247975
0.00428571,-0.270997
0.00430839,-0.292954
0.00433107,-0.31376
0.00435374,-0.333333
0.00437642,-0.351597
0.00439909,-0.36848
0.00442177,-0.383915
0.00444444,-0.397842
0.00446712,-0.410206
0.0044898,-0.420958
0.00451247,-0.430056
0.00453515,-0.437465
0.00455782,-0.443155
0.0045805,-0.447104
0.00460317,-0.449297
0.00462585,-0.449725
0.00464853,-0.448385
0.0046712,-0.445284
0.00469388,-0.440434
0.00471655,-0.433854
0.00473923,-0.425569
0.0047619,-0.415612
0.00478458,-0.404022
0.00480726,-0.390845
0.00482993,-0.376132
0.00485261,-0.359942
0.00487528,-0.342338
0.00489796,-0.323389
0.00492063,-0.303169
0.00494331,-0.281758
0.00496599,-0.25924
0.00498866,-0.235704
0.00501134,-0.211242
0.00503401,-0.18595
0.00505669,-0.159927
0.00507936,-0.133276
0.00510204,-0.106102
0.00512472,-0.0785103
0.00514739,-0.0506105
0.00517007,-0.0225119
0.00519274,0.00567521
0.00521542,0.03384
0.0052381,0.0618718
0.00526077,0.0896606
0.00528345,0.117097
0.00530612,0.144074
0.0053288,0.170484
0.00535147,0.196225
0.00537415,0.221195
0.00539683,0.245295
0.0054195,0.268432
0.00544218,0.290515
0.00546485,0.311456
0.00548753,0.331174
0.0055102,0.34959
0.00553288,0.366633
0.00555556,0.382236
0.00557823,0.396337
0.00560091,0.408881
0.00562358,0.419819
0.00564626,0.429107
0.00566893,0.436709
0.00569161,0.442596
0.00571429,0.446744
0.00573696,0.449137
0.00575964,0.449765
0.00578231,0.448626
0.00580499,0.445725
0.00582766,0.441073
0.00585034,0.434688
0.00587302,0.426595
0.00589569,0.416826
0.00591837,0.40542
0.00594104,0.392421
0.00596372,0.37788
0.00598639,0.361854
0.00600907,0.344407
0.00603175,0.325607
0.00605442,0.305528
0.0060771,0.284248
0.00609977,0.261852
0.00612245,0.238427
0.00614512,0.214065
0.0061678,0.188863
0.00619048,0.162918
0.00621315,0.136333
0.00623583,0.109213
0.0062585,0.0816633
0.00628118,0.053793
0.00630385,0.0257114
0.00632653,-0.00247119
0.00634921,-0.0306441
0.00637188,-0.0586966
0.00639456,-0.0865185
0.00641723,-0.114001
0.00643991,-0.141035
0.00646259,-0.167515
0.00648526,-0.193337
0.00650794,-0.218399
0.00653061,-0.242603
0.00655329,-0.265855
0.00657596,-0.288062
0.00659864,-0.309137
0.00662132,-0.328997
0.00664399,-0.347565
0.00666667,-0.364768
0.00668934,-0.380538
0.00671202,-0.394812
0.00673469,-0.407536
0.00675737,-0.418658
0.00678005,-0.428136
0.00680272,-0.435931
0.0068254,-0.442014
0.00684807,-0.446361
0.00687075,-0.448954
0.00689342,-0.449783
0.0069161,-0.448845
0.00693878,-0.446143
0.00696145,-0.441689
0.00698413,-0.4355
0.0070068,-0.4276
0.00702948,-0.418019
0.00705215,-0.406797
0.00707483,-0.393976
0.00709751,-0.379608
0.00712018,-0.363748
0.00714286,-0.346459
0.00716553,-0.327809
0.00718821,-0.307872
0.00721088,-0.286724
0.00723356,-0.264451
0.00725624,-0.241138
0.00727891,-0.216878
0.00730159,-0.191766
0.00732426,-0.1659
0.00734694,-0.139383
0.00736961,-0.112318
0.00739229,-0.0848121
0.00741497,-0.0569728
0.00743764,-0.0289097
0.00746032,-0.000732965
0.00748299,0.0274466
0.00750567,0.0555184
0.00752834,0.083372
0.00755102,0.110898
0.0075737,0.137989
0.00759637,0.164537
0.00761905,0.190439
0.00764172,0.215592
0.0076644,0.239899
0.00768707,0.263263
0.00770975,0.285593
0.00773243,0.306801
0.0077551,0.326804
0.00777778,0.345523
0.00780045,0.362884
0.00782313,0.37882
0.00784581,0.393267
0.00786848,0.406169
0.00789116,0.417476
0.00791383,0.427143
0.00793651,0.435131
0.00795918,0.44141
0.00798186,0.445955
0.00800453,0.448748
0.00802721,0.449777
0.00804989,0.44904
0.00807256,0.446539
0.00809524,0.442283
0.00811791,0.43629
0.00814059,0.428583
0.00816326,0.419192
0.00818594,0.408154
0.00820862,0.395512
0.00823129,0.381317
0.00825397,0.365624
0.00827664,0.348494
0.00829932,0.329995
0.008322,0.3102
0.00834467,0.289186
0.00836735,0.267036
0.00839002,0.243837
0.0084127,0.219679
0.00843537,0.194659
0.00845805,0.168874
0.00848073,0.142426
0.0085034,0.115418
0.00852608,0.0879566
0.00854875,0.0601497
0.00857143,0.0321064
0.0085941,0.00393708
0.00861678,-0.0242478
0.00863946,-0.0523373
0.00866213,-0.0802213
0.00868481,-0.10779
0.00870748,-0.134935
0.00873016,-0.161551
0.00875283,-0.187532
0.00877551,-0.212775
0.00879819,-0.237183
0.00882086,-0.260659
0.00884354,-0.283111
0.00886621,-0.304451
0.00888889,-0.324595
0.00891156,-0.343463
0.00893424,-0.360982
0.00895692,-0.377083
0.00897959,-0.391702
0.00900227,-0.404783
0.00902494,-0.416273
0.00904762,-0.426128
0.00907029,-0.434309
0.00909297,-0.440784
0.00911565,-0.445526
0.00913832,-0.448519
0.009161,-0.449749
0.00918367,-0.449213
0.00920635,-0.446912
0.00922902,-0.442855
0.0092517,-0.437058
0.00927438,-0.429544
0.00929705,-0.420342
0.00931973,-0.409489
0.0093424,-0.397028
0.00936508,-0.383006
0.00938775,-0.36748
0.00941043,-0.35051
0.00943311,-0.332164
0.00945578,-0.312512
0.00947846,-0.291632
0.00950113,-0.269607
0.00952381,-0.246522
0.00954648,-0.222469
0.00956916,-0.197542
0.00959184,-0.171839
0.00961451,-0.145461
0.00963719,-0.118511
0.00965986,-0.0910962
0.00968254,-0.0633231
0.00970522,-0.0353012
0.00972789,-0.00714056
0.00975057,0.0210481
0.00977324,0.0491541
0.00979592,0.0770669
0.00981859,0.104677
0.00984127,0.131876
0.00986395,0.158557
0.00988662,0.184614
0.0099093,0.209947
0.00993197,0.234455
0.00995465,0.258041
0.00997732,0.280614
0.01,0.302085
0.0100227,0.322368
0.0100454,0.341385
0.010068,0.359061
0.0100907,0.375327
0.0101134,0.390118
0.0101361,0.403376
0.0101587,0.415049
0.0101814,0.425092
0.0102041,0.433465
0.0102268,0.440135
0.0102494,0.445075
0.0102721,0.448267
0.0102948,0.449698
0.0103175,0.449363
0.0103401,0.447262
0.0103628,0.443404
0.0103855,0.437803
0.0104082,0.430483
0.0104308,0.421472
0.0104535,0.410805
0.0104762,0.398523
0.0104989,0.384677
0.0105215,0.369319
0.0105442,0.352509
0.0105669,0.334316
0.0105896,0.314808
0.0106122,0.294064
0.0106349,0.272165
0.0106576,0.249196
0.0106803,0.225249
0.0107029,0.200416
0.0107256,0.174796
0.0107483,0.148489
0.010771,0.121599
0.0107937,0.0942316
0.0108163,0.0664937
0.010839,0.0384945
0.0108617,0.0103441
0.0108844,-0.0178469
0.010907,-0.0459679
0.0109297,-0.0739082
0.0109524,-0.101558
0.0109751,-0.128809
0.0109977,-0.155554
0.0110204,-0.181688
0.0110431,-0.207108
0.0110658,-0.231714
0.0110884,-0.25541
0.0111111,-0.278103
0.0111338,-0.299703
0.0111565,-0.320126
0.0111791,-0.339291
0.0112018,-0.357123
0.0112245,-0.373552
0.0112472,-0.388513
0.0112698,-0.401948
0.0112925,-0.413804
0.0113152,-0.424034
0.0113379,-0.432598
0.0113605,-0.439463
0.0113832,-0.444602
0.0114059,-0.447993
0.0114286,-0.449625
0.0114512,-0.44949
0.0114739,-0.447589
0.0114966,-0.44393
0.0115193,-0.438527
0.011542,-0.431401
0.0115646,-0.42258
0.0115873,-0.412099
0.01161,-0.399999
0.0116327,-0.386327
0.0116553,-0.371138
0.011678,-0.354491
0.0117007,-0.336451
0.0117234,-0.317089
0.011746,-0.296481
0.0117687,-0.274709
0.0117914,-0.251857
0.0118141,-0.228016
0.0118367,-0.203279
0.0118594,-0.177744
0.0118821,-0.15151
0.0119048,-0.124681
0.0119274,-0.0973623
0.0119501,-0.0696609
0.0119728,-0.0416859
0.0119955,-0.0135471
0.0120181,0.0146449
0.0120408,0.0427793
0.0120635,0.0707457
0.0120862,0.0984342
0.0121088,0.125736
0.0121315,0.152544
0.0121542,0.178752
0.0121769,0.204258
0.0121995,0.228962
0.0122222,0.252766
0.0122449,0.275578
0.0122676,0.297306
0.0122902,0.317867
0.0123129,0.337178
0.0123356,0.355166
0.0123583,0.371757
0.012381,0.386889
0.0124036,0.4005
0.0124263,0.412538
0.012449,0.422955
0.0124717,0.43171
0.0124943,0.43877
0.012517,0.444105
0.0125397,0.447696
0.0125624,0.449528
0.012585,0.449594
0.0126077,0.447894
0.0126304,0.444434
0.0126531,0.439228
0.0126757,0.432297
0.0126984,0.423667
0.0127211,0.413372
0.0127438,0.401454
0.0127664,0.387958
0.0127891,0.372939
0.0128118,0.356454
0.0128345,0.338569
0.0128571,0.319353
0.0128798,0.298883
0.0129025,0.277239
0.0129252,0.254506
0.0129478,0.230772
0.0129705,0.206132
0.0129932,0.180683
0.0130159,0.154523
0.0130385,0.127757
0.0130612,0.100488
0.0130839,0.0728246
0.0131066,0.0448752
0.0131293,0.0167495
0.0131519,-0.0114421
0.0131746,-0.0395886
0.0131973,-0.0675797
0.01322,-0.0953052
0.0132426,-0.122656
0.0132653,-0.149526
0.013288,-0.175807
0.0133107,-0.201399
0.0133333,-0.226198
0.013356,-0.25011
0.0133787,-0.273038
0.0134014,-0.294894
0.013424,-0.315592
0.0134467,-0.335049
0.0134694,-0.353191
0.0134921,-0.369944
0.0135147,-0.385245
0.0135374,-0.399031
0.0135601,-0.411251
0.0135828,-0.421854
0.0136054,-0.4308
0.0136281,-0.438054
0.0136508,-0.443587
0.0136735,-0.447377
0.0136961,-0.449409
0.0137188,-0.449676
0.0137415,-0.448176
0.0137642,-0.444915
0.0137868,-0.439907
0.0138095,-0.43317
0.0138322,-0.424732
0.0138549,-0.414625
0.0138776,-0.402889
0.0139002,-0.38957
0.0139229,-0.37472
0.0139456,-0.358399
0.0139683,-0.340669
0.0139909,-0.321601
0.0140136,-0.30127
0.0140363,-0.279755
0.014059,-0.257141
0.0140816,-0.233517
0.0141043,-0.208975
0.014127,-0.183612
0.0141497,-0.157528
0.0141723,-0.130825
0.014195,-0.103609
0.0142177,-0.0759847
0.0142404,-0.0480622
0.014263,-0.019951
0.0142857,0.00823866
0.0143084,0.0363959
0.0143311,0.0644102
0.0143537,0.0921714
0.0143764,0.119571
0.0143991,0.1465
0.0144218,0.172854
0.0144444,0.198528
0.0144671,0.223423
0.0144898,0.24744
0.0145125,0.270485
0.0145351,0.292467
0.0145578,0.313301
0.0145805,0.332903
0.0146032,0.351198
0.0146259,0.368112
0.0146485,0.383581
0.0146712,0.397543
0.0146939,0.409943
0.0147166,0.420732
0.0147392,0.429868
0.0147619,0.437316
0.0147846,0.443045
0.0148073,0.447034
0.0148299,0.449267
0.0148526,0.449735
0.0148753,0.448435
0.014898,0.445374
0.0149206,0.440564
0.0149433,0.434022
0.014966,0.425775
0.0149887,0.415856
0.0150113,0.404303
0.015034,0.391161
0.0150567,0.376483
0.0150794,0.360326
0.015102,0.342753
0.0151247,0.323833
0.0151474,0.303642
0.0151701,0.282257
0.0151927,0.259763
0.0152154,0.236249
0.0152381,0.211807
0.0152608,0.186533
0.0152834,0.160526
0.0153061,0.133888
0.0153288,0.106724
0.0153515,0.0791408
0.0153741,0.0512468
0.0153968,0.0231514
0.0154195,-0.00503486
0.0154422,-0.0332014
0.0154649,-0.0612375
0.0154875,-0.089033
0.0155102,-0.116479
0.0155329,-0.143467
0.0155556,-0.169891
0.0155782,-0.195648
0.0156009,-0.220637
0.0156236,-0.244758
0.0156463,-0.267918
0.0156689,-0.290026
0.0156916,-0.310994
0.0157143,-0.33074
0.015737,-0.349187
0.0157596,-0.366262
0.0157823,-0.381898
0.015805,-0.396034
0.0158277,-0.408614
0.0158503,-0.419588
0.015873,-0.428914
0.0158957,-0.436555
0.0159184,-0.442481
0.015941,-0.446669
0.0159637,-0.449102
0.0159864,-0.44977
0.0160091,-0.448672
0.0160317,-0.445811
0.0160544,-0.441198
0.0160771,-0.434852
0.0160998,-0.426797
0.0161224,-0.417066
0.0161451,-0.405697
0.0161678,-0.392733
0.0161905,-0.378227
0.0162132,-0.362234
0.0162358,-0.344819
0.0162585,-0.326049
0.0162812,-0.305998
0.0163039,-0.284744
0.0163265,-0.262372
0.0163492,-0.23897
0.0163719,-0.214628
0.0163946,-0.189444
0.0164172,-0.163515
0.0164399,-0.136943
0.0164626,-0.109834
0.0164853,-0.082293
0.0165079,-0.0544288
0.0165306,-0.0263508
0.0165533,0.00183079
0.016576,0.0300051
0.0165986,0.0580616
0.0166213,0.08589
0.016644,0.113381
0.0166667,0.140426
0.0166893,0.16692
0.016712,0.192758
0.0167347,0.217839
0.0167574,0.242064
0.01678,0.265338
0.0168027,0.287569
0.0168254,0.308671
0.0168481,0.32856
0.0168707,0.347158
0.0168934,0.364393
0.0169161,0.380196
0.0169388,0.394505
0.0169615,0.407264
0.0169841,0.418423
0.0170068,0.427939
0.0170295,0.435773
0.0170522,0.441895
0.0170748,0.446281
0.0170975,0.448914
0.0171202,0.449783
0.0171429,0.448886
0.0171655,0.446224
0.0171882,0.44181
0.0172109,0.43566
0.0172336,0.427798
0.0172562,0.418255
0.0172789,0.40707
0.0173016,0.394285
0.0173243,0.379951
0.0173469,0.364125
0.0173696,0.346867
0.0173923,0.328248
0.017415,0.308338
0.0174376,0.287217
0.0174603,0.264968
0.017483,0.241678
0.0175057,0.217439
0.0175283,0.192345
0.017551,0.166495
0.0175737,0.139992
0.0175964,0.112938
0.017619,0.0854409
0.0176417,0.057608
0.0176644,0.0295487
0.0176871,0.00137337
0.0177098,-0.0268074
0.0177324,-0.0548828
0.0177551,-0.0827426
0.0177778,-0.110277
0.0178005,-0.137379
0.0178231,-0.163941
0.0178458,-0.189858
0.0178685,-0.21503
0.0178912,-0.239357
0.0179138,-0.262744
0.0179365,-0.285098
0.0179592,-0.306333
0.0179819,-0.326364
0.0180045,-0.345112
0.0180272,-0.362505
0.0180499,-0.378474
0.0180726,-0.392956
0.0180952,-0.405894
0.0181179,-0.417237
0.0181406,-0.426942
0.0181633,-0.434969
0.0181859,-0.441287
0.0182086,-0.445871
0.0182313,-0.448704
0.018254,-0.449774
0.0182766,-0.449077
0.0182993,-0.446615
0.018322,-0.442399
0.0183447,-0.436445
0.0183673,-0.428776
0.01839,-0.419423
0.0184127,-0.408422
0.0184354,-0.395817
0.018458,-0.381656
0.0184807,-0.365996
0.0185034,-0.348898
0.0185261,-0.33043
0.0185488,-0.310663
0.0185714,-0.289676
0.0185941,-0.267551
0.0186168,-0.244374
0.0186395,-0.220238
0.0186621,-0.195236
0.0186848,-0.169468
0.0187075,-0.143033
0.0187302,-0.116037
0.0187528,-0.0885845
0.0187755,-0.0607843
0.0187982,-0.0327452
0.0188209,-0.00457745
0.0188435,0.0236083
0.0188662,0.0517012
0.0188889,0.0795911
0.0189116,0.107168
0.0189342,0.134324
0.0189569,0.160953
0.0189796,0.186949
0.0190023,0.21221
0.0190249,0.236638
0.0190476,0.260137
0.0190703,0.282613
0.019093,0.303979
0.0191156,0.324151
0.0191383,0.343049
0.019161,0.360599
0.0191837,0.376733
0.0192063,0.391387
0.019229,0.404503
0.0192517,0.41603
0.0192744,0.425923
0.0192971,0.434142
0.0193197,0.440656
0.0193424,0.445438
0.0193651,0.44847
0.0193878,0.449741
0.0194104,0.449245
0.0194331,0.446983
0.0194558,0.442966
0.0194785,0.437209
0.0195011,0.429733
0.0195238,0.42057
0.0195465,0.409754
0.0195692,0.397329
0.0195918,0.383342
0.0196145,0.367849
0.0196372,0.350912
0.0196599,0.332595
0.0196825,0.312972
0.0197052,0.29212
0.0197279,0.27012
0.0197506,0.247058
0.0197732,0.223026
0.0197959,0.198118
0.0198186,0.172431
0.0198413,0.146067
0.0198639,0.11913
0.0198866,0.0917237
0.0199093,0.0639575
0.019932,0.03594
0.0199546,0.00778131
0.0199773,-0.0204079
0.02,-0.048517
0.0200227,-0.0764355
0.0200454,-0.104054
0.020068,-0.131263
0.0200907,-0.157957
0.0201134,-0.18403
0.0201361,-0.20938
0.0201587,-0.233908
0.0201814,-0.257516
0.0202041,-0.280113
0.0202268,-0.30161
0.0202494,-0.321921
0.0202721,-0.340968
0.0202948,-0.358675
0.0203175,-0.374973
0.0203401,-0.389798
0.0203628,-0.403092
0.0203855,-0.414802
0.0204082,-0.424882
0.0204308,-0.433293
0.0204535,-0.440002
0.0204762,-0.444982
0.0204989,-0.448214
0.0205215,-0.449686
0.0205442,-0.44939
0.0205669,-0.447329
0.0205896,-0.443511
0.0206122,-0.43795
0.0206349,-0.430668
0.0206576,-0.421695
0.0206803,-0.411065
0.0207029,-0.39882
0.0207256,-0.385008
0.0207483,-0.369684
0.020771,-0.352907
0.0207937,-0.334744
0.0208163,-0.315266
0.020839,-0.294549
0.0208617,-0.272675
0.0208844,-0.249729
0.020907,-0.225803
0.0209297,-0.200989
0.0209524,-0.175386
0.0209751,-0.149094
0.0209977,-0.122216
0.0210204,-0.0948582
0.0210431,-0.0671274
0.0210658,-0.039133
0.0210884,-0.0109848
0.0211111,0.0172066
0.0211338,0.0453303
0.0211565,0.073276
0.0211791,0.100934
0.0212018,0.128195
0.0212245,0.154953
0.0212472,0.181102
0.0212698,0.206539
0.0212925,0.231165
0.0213152,0.254883
0.0213379,0.277599
0.0213605,0.299225
0.0213832,0.319675
0.0214059,0.33887
0.0214286,0.356733
0.0214512,0.373194
0.0214739,0.38819
0.0214966,0.40166
0.0215193,0.413552
0.0215419,0.42382
0.0215646,0.432423
0.0215873,0.439326
0.02161,0.444504
0.0216327,0.447936
0.0216553,0.449607
0.021678,0.449513
0.0217007,0.447652
0.0217234,0.444033
0.021746,0.438669
0.0217687,0.431582
0.0217914,0.422799
0.0218141,0.412355
0.0218367,0.400291
0.0218594,0.386655
0.0218821,0.3715
0.0219048,0.354885
0.0219274,0.336876
0.0219501,0.317543
0.0219728,0.296963
0.0219955,0.275216
0.0220181,0.252388
0.0220408,0.228568
0.0220635,0.203851
0.0220862,0.178332
0.0221088,0.152113
0.0221315,0.125297
0.0221542,0.0979878
0.0221769,0.070294
0.0221995,0.042324
0.0222222,0.0141877
0.0222449,-0.0140044
0.0222676,-0.0421414
0.0222903,-0.0701128
0.0223129,-0.0978088
0.0223356,-0.125121
0.0223583,-0.151941
0.022381,-0.178164
0.0224036,-0.203687
0.0224263,-0.22841
0.022449,-0.252236
0.0224717,-0.275071
0.0224943,-0.296825
0.022517,-0.317413
0.0225397,-0.336754
0.0225624,-0.354772
0.022585,-0.371396
0.0226077,-0.386561
0.0226304,-0.400208
0.0226531,-0.412282
0.0226757,-0.422736
0.0226984,-0.43153
0.0227211,-0.438628
0.0227438,-0.444003
0.0227664,-0.447634
0.0227891,-0.449506
0.0228118,-0.449612
0.0228345,-0.447952
0.0228571,-0.444532
0.0228798,-0.439366
0.0229025,-0.432473
0.0229252,-0.423881
0.0229478,-0.413624
0.0229705,-0.401742
0.0229932,-0.388282
0.0230159,-0.373296
0.0230385,-0.356844
0.0230612,-0.33899
0.0230839,-0.319804
0.0231066,-0.299362
0.0231293,-0.277743
0.0231519,-0.255034
0.0231746,-0.231322
0.0231973,-0.206702
0.02322,-0.181269
0.0232426,-0.155125
0.0232653,-0.128371
0.023288,-0.101113
0.0233107,-0.073457
0.0233333,-0.0455128
0.023356,-0.0173899
0.0233787,0.0108014
0.0234014,0.0389503
0.023424,0.0669461
0.0234467,0.0946789
0.0234694,0.12204
0.0234921,0.148921
0.0235147,0.175217
0.0235374,0.200825
0.0235601,0.225644
0.0235828,0.249577
0.0236054,0.272529
0.0236281,0.29441
0.0236508,0.315135
0.0236735,0.334621
0.0236961,0.352793
0.0237188,0.369579
0.0237415,0.384913
0.0237642,0.398735
0.0237868,0.410991
0.0238095,0.421631
0.0238322,0.430616
0.0238549,0.437908
0.0238776,0.44348
0.0239002,0.44731
0.0239229,0.449382
0.0239456,0.449689
0.0239683,0.44823
0.0239909,0.445009
0.0240136,0.44004
0.0240363,0.433342
0.024059,0.424942
0.0240816,0.414873
0.0241043,0.403173
0.024127,0.38989
0.0241497,0.375074
0.0241723,0.358786
0.024195,0.341087
0.0242177,0.322049
0.0242404,0.301746
0.024263,0.280257
0.0242857,0.257666
0.0243084,0.234064
0.0243311,0.209542
0.0243537,0.184197
0.0243764,0.158128
0.0243991,0.131438
0.0244218,0.104232
0.0244444,0.0766162
0.0244671,0.0486993
0.0244898,0.0205912
0.0245125,-0.00759793
0.0245351,-0.0357572
0.0245578,-0.0637759
0.0245805,-0.0915441
0.0246032,-0.118953
0.0246259,-0.145894
0.0246485,-0.172262
0.0246712,-0.197953
0.0246939,-0.222867
0.0247166,-0.246905
0.0247392,-0.269973
0.0247619,-0.29198
0.0247846,-0.312841
0.0248073,-0.332472
0.0248299,-0.350797
0.0248526,-0.367744
0.0248753,-0.383246
0.024898,-0.397243
0.0249206,-0.409678
0.0249433,-0.420505
0.024966,-0.429679
0.0249887,-0.437165
0.0250113,-0.442934
0.025034,-0.446963
0.0250567,-0.449236
0.0250794,-0.449743
0.025102,-0.448484
0.0251247,-0.445463
0.0251474,-0.440692
0.0251701,-0.43419
0.0251927,-0.425982
0.0252154,-0.4161
0.0252381,-0.404583
0.0252608,-0.391477
0.0252834,-0.376833
0.0253061,-0.360709
0.0253288,-0.343167
0.0253515,-0.324278
0.0253741,-0.304114
0.0253968,-0.282756
0.0254195,-0.260286
0.0254422,-0.236794
0.0254649,-0.212372
0.0254875,-0.187116
0.0255102,-0.161124
0.0255329,-0.134499
0.0255556,-0.107346
0.0255782,-0.0797716
0.0256009,-0.0518834
0.0256236,-0.0237914
0.0256463,0.00439406
0.0256689,0.0325623
0.0256916,0.0606025
0.0257143,0.0884047
0.025737,0.11586
0.0257596,0.142859
0.0257823,0.169298
0.025805,0.195071
0.0258277,0.220078
0.0258503,0.24422
0.025873,0.267403
0.0258957,0.289536
0.0259184,0.310531
0.025941,0.330305
0.0259637,0.348783
0.0259864,0.36589
0.0260091,0.381559
0.0260317,0.39573
0.0260544,0.408345
0.0260771,0.419357
0.0260998,0.428721
0.0261224,0.436401
0.0261451,0.442366
0.0261678,0.446593
0.0261905,0.449066
0.0262132,0.449775
0.0262358,0.448716
0.0262585,0.445895
0.0262812,0.441322
0.0263039,0.435015
0.0263265,0.426999
0.0263492,0.417306
0.0263719,0.405973
0.0263946,0.393045
0.0264172,0.378573
0.0264399,0.362614
0.0264626,0.34523
0.0264853,0.32649
0.0265079,0.306467
0.0265306,0.28524
0.0265533,0.262893
0.026576,0.239512
0.0265986,0.215191
0.0266213,0.190025
0.026644,0.164111
0.0266667,0.137553
0.0266893,0.110455
0.026712,0.0829229
0.0267347,0.0550648
0.0267574,0.0269905
0.02678,-0.00118996
0.0268027,-0.0293657
0.0268254,-0.0574261
0.0268481,-0.0852609
0.0268707,-0.112761
0.0268934,-0.139817
0.0269161,-0.166325
0.0269388,-0.192179
0.0269615,-0.217278
0.0269841,-0.241524
0.0270068,-0.26482
0.0270295,-0.287076
0.0270522,-0.308205
0.0270748,-0.328122
0.0270975,-0.346751
0.0271202,-0.364017
0.0271429,-0.379853
0.0271655,-0.394197
0.0271882,-0.406992
0.0272109,-0.418188
0.0272336,-0.427741
0.0272562,-0.435614
0.0272789,-0.441775
0.0273016,-0.446201
0.0273243,-0.448874
0.0273469,-0.449783
0.0273696,-0.448926
0.0273923,-0.446304
0.027415,-0.441929
0.0274376,-0.435818
0.0274603,-0.427995
0.027483,-0.418491
0.0275057,-0.407342
0.0275283,-0.394593
0.027551,-0.380294
0.0275737,-0.3645
0.0275964,-0.347275
0.027619,-0.328685
0.0276417,-0.308804
0.0276644,-0.28771
0.0276871,-0.265486
0.0277098,-0.242218
0.0277324,-0.217999
0.0277551,-0.192924
0.0277778,-0.167091
0.0278005,-0.140601
0.0278231,-0.113558
0.0278458,-0.08607
0.0278685,-0.0582435
0.0278912,-0.0301881
0.0279138,-0.00201419
0.0279365,0.0261677
0.0279592,0.0542467
0.0279819,0.0821126
0.0280045,0.109656
0.0280272,0.136769
0.0280499,0.163344
0.0280726,0.189277
0.0280952,0.214467
0.0281179,0.238814
0.0281406,0.262224
0.0281633,0.284602
0.0281859,0.305863
0.0282086,0.325922
0.0282313,0.344701
0.028254,0.362126
0.0282766,0.378127
0.0282993,0.392644
0.028322,0.405617
0.0283447,0.416998
0.0283673,0.42674
0.02839,0.434805
0.0284127,0.441162
0.0284354,0.445786
0.028458,0.448659
0.0284807,0.449769
0.0285034,0.449112
0.0285261,0.446691
0.0285488,0.442514
0.0285714,0.4366
0.0285941,0.42897
0.0286168,0.419654
0.0286395,0.40869
0.0286621,0.396121
0.0286848,0.381995
0.0287075,0.366368
0.0287302,0.349303
0.0287528,0.330864
0.0287755,0.311126
0.0287982,0.290166
0.0288209,0.268066
0.0288435,0.244912
0.0288662,0.220797
0.0288889,0.195813
0.0289116,0.170061
0.0289342,0.143641
0.0289569,0.116656
0.0289796,0.0892127
0.0290023,0.0614192
0.0290249,0.0333843
0.0290476,0.00521825
0.0290703,-0.0229683
0.029093,-0.0510646
0.0291156,-0.0789603
0.0291383,-0.106546
0.029161,-0.133713
0.0291837,-0.160354
0.0292063,-0.186366
0.029229,-0.211645
0.0292517,-0.236093
0.0292744,-0.259614
0.0292971,-0.282114
0.0293197,-0.303506
0.0293424,-0.323706
0.0293651,-0.342634
0.0293878,-0.360216
0.0294104,-0.376383
0.0294331,-0.391071
0.0294558,-0.404222
0.0294785,-0.415786
0.0295011,-0.425716
0.0295238,-0.433974
0.0295465,-0.440527
0.0295692,-0.445349
0.0295918,-0.448421
0.0296145,-0.449732
0.0296372,-0.449276
0.0296599,-0.447054
0.0296825,-0.443077
0.0297052,-0.437359
0.0297279,-0.429922
0.0297506,-0.420797
0.0297732,-0.410018
0.0297959,-0.397628
0.0298186,-0.383677
0.0298413,-0.368218
0.0298639,-0.351312
0.0298866,-0.333026
0.0299093,-0.313432
0.029932,-0.292607
0.0299546,-0.270632
0.0299773,-0.247593
0.03,-0.223582
0.0300227,-0.198693
0.0300454,-0.173023
0.030068,-0.146673
0.0300907,-0.119747
0.0301134,-0.092351
0.0301361,-0.0645917
0.0301587,-0.0365787
0.0301814,-0.00842204
0.0302041,0.0197677
0.0302268,0.0478799
0.0302494,0.0758039
0.0302721,0.10343
0.0302948,0.13065
0.0303175,0.157357
0.0303401,0.183445
0.0303628,0.208813
0.0303855,0.23336
0.0304082,0.25699
0.0304308,0.279611
0.0304535,0.301134
0.0304762,0.321473
0.0304989,0.34055
0.0305215,0.358288
0.0305442,0.374619
0.0305669,0.389478
0.0305896,0.402807
0.0306122,0.414554
0.0306349,0.424671
0.0306576,0.433121
0.0306803,0.439869
0.0307029,0.444889
0.0307256,0.44816
0.0307483,0.449672
0.030771,0.449416
0.0307937,0.447395
0.0308163,0.443617
0.030839,0.438095
0.0308617,0.430853
0.0308844,0.421918
0.030907,0.411325
0.0309297,0.399116
0.0309524,0.385339
0.0309751,0.370049
0.0309977,0.353304
0.0310204,0.335172
0.0310431,0.315722
0.0310658,0.295033
0.0310884,0.273184
0.0311111,0.250262
0.0311338,0.226357
0.0311565,0.201563
0.0311791,0.175976
0.0312018,0.149699
0.0312245,0.122833
0.0312472,0.0954845
0.0312698,0.067761
0.0312925,0.0397713
0.0313152,0.0116254
0.0313379,-0.0165662
0.0313605,-0.0446927
0.0313832,-0.0726437
0.0314059,-0.100309
0.0314286,-0.127581
0.0314512,-0.154351
0.0314739,-0.180515
0.0314966,-0.205969
0.0315193,-0.230615
0.031542,-0.254354
0.0315646,-0.277095
0.0315873,-0.298746
0.03161,-0.319224
0.0316327,-0.338448
0.0316553,-0.356342
0.031678,-0.372836
0.0317007,-0.387866
0.0317234,-0.401371
0.031746,-0.4133
0.0317687,-0.423605
0.0317914,-0.432246
0.0318141,-0.439189
0.0318367,-0.444406
0.0318594,-0.447877
0.0318821,-0.449589
0.0319048,-0.449534
0.0319274,-0.447714
0.0319501,-0.444134
0.0319728,-0.43881
0.0319955,-0.431762
0.0320181,-0.423017
0.0320408,-0.412611
0.0320635,-0.400583
0.0320862,-0.386982
0.0321088,-0.371861
0.0321315,-0.355278
0.0321542,-0.3373
0.0321769,-0.317997
0.0321995,-0.297444
0.0322222,-0.275723
0.0322449,-0.252918
0.0322676,-0.22912
0.0322903,-0.204422
0.0323129,-0.178921
0.0323356,-0.152716
0.0323583,-0.125912
0.032381,-0.0986132
0.0324036,-0.0709269
0.0324263,-0.0429619
0.032449,-0.0148282
0.0324717,0.0133638
0.0324943,0.0415033
0.032517,0.0694797
0.0325397,0.0971832
0.0325624,0.124505
0.032585,0.151337
0.0326077,0.177575
0.0326304,0.203116
0.0326531,0.227858
0.0326757,0.251705
0.0326984,0.274564
0.0327211,0.296343
0.0327438,0.316959
0.0327664,0.336329
0.0327891,0.354378
0.0328118,0.371034
0.0328345,0.386233
0.0328571,0.399915
0.0328798,0.412025
0.0329025,0.422517
0.0329252,0.431349
0.0329478,0.438486
0.0329705,0.443901
0.0329932,0.447571
0.0330159,0.449483
0.0330385,0.44963
0.0330612,0.448009
0.0330839,0.444629
0.0331066,0.439502
0.0331293,0.432649
0.0331519,0.424095
0.0331746,0.413876
0.0331973,0.40203
0.03322,0.388605
0.0332426,0.373654
0.0332653,0.357234
0.033288,0.339411
0.0333107,0.320254
0.0333333,0.29984
0.033356,0.278247
0.0333787,0.255561
0.0334014,0.231871
0.033424,0.207271
0.0334467,0.181856
0.0334694,0.155726
0.0334921,0.128985
0.0335147,0.101737
0.0335374,0.0740891
0.0335601,0.0461503
0.0335828,0.0180302
0.0336054,-0.0101608
0.0336281,-0.0383118
0.0336508,-0.0663123
0.0336735,-0.0940523
0.0336961,-0.121423
0.0337188,-0.148316
0.0337415,-0.174627
0.0337642,-0.200252
0.0337868,-0.22509
0.0338095,-0.249043
0.0338322,-0.272019
0.0338549,-0.293925
0.0338776,-0.314677
0.0339002,-0.334193
0.0339229,-0.352396
0.0339456,-0.369214
0.0339683,-0.384582
0.0339909,-0.398438
0.0340136,-0.41073
0.0340363,-0.421408
0.034059,-0.43043
0.0340816,-0.437761
0.0341043,-0.443373
0.034127,-0.447242
0.0341497,-0.449355
0.0341723,-0.449702
0.034195,-0.448282
0.0342177,-0.445102
0.0342404,-0.440172
0.034263,-0.433514
0.0342857,-0.425152
0.0343084,-0.41512
0.0343311,-0.403457
0.0343537,-0.390209
0.0343764,-0.375428
0.0343991,-0.359172
0.0344218,-0.341505
0.0344444,-0.322496
0.0344671,-0.30222
0.0344898,-0.280757
0.0345125,-0.258191
0.0345351,-0.234611
0.0345578,-0.210109
0.0345805,-0.184782
0.0346032,-0.158728
0.0346259,-0.132051
0.0346485,-0.104855
0.0346712,-0.0772476
0.0346939,-0.0493364
0.0347166,-0.0212313
0.0347392,0.00695718
0.0347619,0.0351183
0.0347846,0.0631415
0.0348073,0.0909166
0.0348299,0.118335
0.0348526,0.145288
0.0348753,0.17167
0.034898,0.197378
0.0349206,0.22231
0.0349433,0.246369
0.034966,0.26946
0.0349887,0.291493
0.0350113,0.31238
0.035034,0.33204
0.0350567,0.350396
0.0350794,0.367375
0.035102,0.38291
0.0351247,0.396942
0.0351474,0.409413
0.0351701,0.420277
0.0351927,0.429489
0.0352154,0.437014
0.0352381,0.442822
0.0352608,0.446891
0.0352834,0.449204
0.0353061,0.449752
0.0353288,0.448533
0.0353515,0.445552
0.0353741,0.44082
0.0353968,0.434357
0.0354195,0.426187
0.0354422,0.416343
0.0354649,0.404863
0.0354875,0.391792
0.0355102,0.377183
0.0355329,0.361091
0.0355556,0.343581
0.0355782,0.324721
0.0356009,0.304586
0.0356236,0.283254
0.0356463,0.260809
0.0356689,0.237339
0.0356916,0.212937
0.0357143,0.187698
0.035737,0.161722
0.0357596,0.135111
0.0357823,0.107969
0.035805,0.0804022
0.0358277,0.0525199
0.0358503,0.0244313
0.035873,-0.00375325
0.0358957,-0.0319231
0.0359184,-0.0599675
0.035941,-0.0877763
0.0359637,-0.11524
0.0359864,-0.142252
0.0360091,-0.168704
0.0360317,-0.194493
0.0360544,-0.219519
0.0360771,-0.243682
0.0360998,-0.266888
0.0361224,-0.289045
0.0361451,-0.310067
0.0361678,-0.32987
0.0361905,-0.348378
0.0362132,-0.365517
0.0362358,-0.381219
0.0362585,-0.395425
0.0362812,-0.408076
0.0363039,-0.419125
0.0363265,-0.428527
0.0363492,-0.436245
0.0363719,-0.44225
0.0363946,-0.446517
0.0364172,-0.44903
0.0364399,-0.449778
0.0364626,-0.44876
0.0364853,-0.445979
0.0365079,-0.441445
0.0365306,-0.435178
0.0365533,-0.4272
0.036576,-0.417544
0.0365986,-0.406248
0.0366213,-0.393356
0.036644,-0.378919
0.0366667,-0.362993
0.0366893,-0.34564
0.036712,-0.32693
0.0367347,-0.306936
0.0367574,-0.285735
0.03678,-0.263412
0.0368027,-0.240055
0.0368254,-0.215754
0.0368481,-0.190605
0.0368707,-0.164708
0.0368934,-0.138163
0.0369161,-0.111076
0.0369388,-0.0835527
0.0369615,-0.0557008
0.0369841,-0.0276301
0.0370068,0.000549131
0.0370295,0.0287262
0.0370522,0.0567904
0.0370748,0.0846315
0.0370975,0.11214
0.0371202,0.139208
0.0371429,0.165729
0.0371655,0.191599
0.0371882,0.216717
0.0372109,0.240983
0.0372336,0.264302
0.0372562,0.286583
0.0372789,0.307738
0.0373016,0.327684
0.0373243,0.346342
0.0373469,0.36364
0.0373696,0.379509
0.0373923,0.393888
0.037415,0.406719
0.0374376,0.417952
0.0374603,0.427543
0.037483,0.435454
0.0375057,0.441654
0.0375283,0.44612
0.037551,0.448833
0.0375737,0.449782
0.0375964,0.448965
0.037619,0.446383
0.0376417,0.442048
0.0376644,0.435976
0.0376871,0.428192
0.0377098,0.418725
0.0377324,0.407613
0.0377551,0.3949
0.0377778,0.380635
0.0378005,0.364875
0.0378231,0.347682
0.0378458,0.329123
0.0378685,0.30927
0.0378912,0.288203
0.0379138,0.266003
0.0379365,0.242758
0.0379592,0.21856
0.0379819,0.193503
0.0380045,0.167685
0.0380272,0.141209
0.0380499,0.114178
0.0380726,0.0866989
0.0380952,0.0588789
0.0381179,0.0308275
0.0381406,0.00265502
0.0381633,-0.0255279
0.0381859,-0.0536105
0.0382086,-0.0814825
0.0382313,-0.109034
0.038254,-0.136158
0.0382766,-0.162746
0.0382993,-0.188696
0.038322,-0.213904
0.0383447,-0.238271
0.0383673,-0.261703
0.03839,-0.284106
0.0384127,-0.305393
0.0384354,-0.32548
0.038458,-0.344289
0.0384807,-0.361745
0.0385034,-0.37778
0.0385261,-0.392331
0.0385488,-0.40534
0.0385714,-0.416757
0.0385941,-0.426537
0.0386168,-0.43464
0.0386395,-0.441037
0.0386621,-0.4457
0.0386848,-0.448613
0.0387075,-0.449763
0.0387302,-0.449147
0.0387528,-0.446765
0.0387755,-0.442629
0.0387982,-0.436753
0.0388209,-0.429162
0.0388435,-0.419884
0.0388662,-0.408958
0.0388889,-0.396424
0.0389116,-0.382333
0.0389342,-0.36674
0.0389569,-0.349706
0.0389796,-0.331298
0.0390023,-0.311589
0.0390249,-0.290655
0.0390476,-0.26858
0.0390703,-0.245449
0.039093,-0.221355
0.0391156,-0.19639
0.0391383,-0.170654
0.039161,-0.144248
0.0391837,-0.117275
0.0392063,-0.0898407
0.039229,-0.0620539
0.0392517,-0.0340233
0.0392744,-0.00585903
0.0392971,0.0223283
0.0393197,0.0504278
0.0393424,0.0783293
0.0393651,0.105923
0.0393878,0.133101
0.0394104,0.159755
0.0394331,0.185782
0.0394558,0.21108
0.0394785,0.235547
0.0395011,0.25909
0.0395238,0.281615
0.0395465,0.303033
0.0395692,0.323261
0.0395918,0.342219
0.0396145,0.359832
0.0396372,0.376031
0.0396599,0.390754
0.0396825,0.403941
0.0397052,0.415541
0.0397279,0.425509
0.0397506,0.433805
0.0397732,0.440397
0.0397959,0.445258
0.0398186,0.448371
0.0398413,0.449722
0.0398639,0.449306
0.0398866,0.447124
0.0399093,0.443187
0.039932,0.437508
0.0399546,0.43011
0.0399773,0.421023
0.04,0.410281
0.0400227,0.397928
0.0400454,0.384011
0.040068,0.368585
0.0400907,0.351712
0.0401134,0.333457
0.0401361,0.313892
0.0401587,0.293093
0.0401814,0.271143
0.0402041,0.248128
0.0402268,0.224138
0.0402494,0.199268
0.0402721,0.173614
0.0402948,0.147279
0.0403175,0.120365
0.0403401,0.092978
0.0403628,0.0652258
0.0403855,0.0372174
0.0404082,0.00906275
0.0404308,-0.0191275
0.0404535,-0.0472426
0.0404762,-0.0751721
0.0404989,-0.102806
0.0405215,-0.130037
0.0405442,-0.156756
0.0405669,-0.18286
0.0405896,-0.208245
0.0406122,-0.232812
0.0406349,-0.256464
0.0406576,-0.279109
0.0406803,-0.300657
0.0407029,-0.321025
0.0407256,-0.340131
0.0407483,-0.3579
0.040771,-0.374264
0.0407936,-0.389157
0.0408163,-0.402521
0.040839,-0.414304
0.0408617,-0.42446
0.0408844,-0.432948
0.040907,-0.439734
0.0409297,-0.444794
0.0409524,-0.448106
0.0409751,-0.449657
0.0409977,-0.449442
0.0410204,-0.447461
0.0410431,-0.443722
0.0410658,-0.43824
0.0410884,-0.431036
0.0411111,-0.422139
0.0411338,-0.411584
0.0411565,-0.399411
0.0411791,-0.385669
0.0412018,-0.370412
0.0412245,-0.3537
0.0412472,-0.335599
0.0412698,-0.316179
0.0412925,-0.295516
0.0413152,-0.273693
0.0413379,-0.250794
0.0413605,-0.226911
0.0413832,-0.202135
0.0414059,-0.176566
0.0414286,-0.150303
0.0414512,-0.123449
0.0414739,-0.0961106
0.0414966,-0.0683945
0.0415193,-0.0404096
0.0415419,-0.012266
0.0415646,0.0159258
0.0415873,0.044055
0.04161,0.0720112
0.0416327,0.0996844
0.0416553,0.126966
0.041678,0.153749
0.0417007,0.179928
0.0417234,0.2054
0.041746,0.230064
0.0417687,0.253826
0.0417914,0.276589
0.0418141,0.298267
0.0418367,0.318772
0.0418594,0.338025
0.0418821,0.355951
0.0419048,0.372477
0.0419274,0.387541
0.0419501,0.401082
0.0419728,0.413047
0.0419955,0.423389
0.0420181,0.432068
0.0420408,0.43905
0.0420635,0.444307
0.0420862,0.447818
0.0421088,0.44957
0.0421315,0.449555
0.0421542,0.447775
0.0421769,0.444235
0.0421995,0.43895
0.0422222,0.431941
0.0422449,0.423234
0.0422676,0.412865
0.0422902,0.400874
0.0423129,0.387308
0.0423356,0.372221
0.0423583,0.355671
0.042381,0.337723
0.0424036,0.318449
0.0424263,0.297924
0.042449,0.276229
0.0424717,0.253448
0.0424943,0.229671
0.042517,0.204992
0.0425397,0.179508
0.0425624,0.153319
0.042585,0.126527
0.0426077,0.0992383
0.0426304,0.0715596
0.0426531,0.0435998
0.0426757,0.0154686
0.0426984,-0.0127233
0.0427211,-0.0408652
0.0427438,-0.0688465
0.0427664,-0.0965574
0.0427891,-0.123889
0.0428118,-0.150734
0.0428345,-0.176986
0.0428571,-0.202544
0.0428798,-0.227305
0.0429025,-0.251174
0.0429252,-0.274056
0.0429478,-0.295861
0.0429705,-0.316504
0.0429932,-0.335903
0.0430159,-0.353983
0.0430385,-0.370672
0.0430612,-0.385905
0.0430839,-0.399621
0.0431066,-0.411768
0.0431293,-0.422297
0.0431519,-0.431167
0.0431746,-0.438343
0.0431973,-0.443797
0.04322,-0.447507
0.0432426,-0.449459
0.0432653,-0.449646
0.043288,-0.448066
0.0433107,-0.444726
0.0433333,-0.439638
0.043356,-0.432823
0.0433787,-0.424308
0.0434014,-0.414126
0.043424,-0.402317
0.0434467,-0.388928
0.0434694,-0.37401
0.0434921,-0.357623
0.0435147,-0.339831
0.0435374,-0.320704
0.0435601,-0.300317
0.0435828,-0.27875
0.0436054,-0.256088
0.0436281,-0.23242
0.0436508,-0.207839
0.0436735,-0.182442
0.0436961,-0.156327
0.0437188,-0.129599
0.0437415,-0.102361
0.0437642,-0.0747211
0.0437868,-0.0467877
0.0438095,-0.0186705
0.0438322,0.00952008
0.0438549,0.0376732
0.0438775,0.0656784
0.0439002,0.0934255
0.0439229,0.120806
0.0439456,0.147711
0.0439683,0.174036
0.0439909,0.199678
0.0440136,0.224535
0.0440363,0.24851
0.044059,0.271508
0.0440816,0.29344
0.0441043,0.314219
0.044127,0.333764
0.0441497,0.351997
0.0441723,0.368847
0.044195,0.384249
0.0442177,0.398141
0.0442404,0.410468
0.044263,0.421183
0.0442857,0.430244
0.0443084,0.437614
0.0443311,0.443264
0.0443537,0.447174
0.0443764,0.449326
0.0443991,0.449714
0.0444218,0.448334
0.0444444,0.445193
0.0444671,0.440304
0.0444898,0.433684
0.0445125,0.425361
0.0445351,0.415366
0.0445578,0.40374
0.0445805,0.390527
0.0446032,0.37578
0.0446258,0.359557
0.0446485,0.341922
0.0446712,0.322942
0.0446939,0.302695
0.0447166,0.281258
0.0447392,0.258716
0.0447619,0.235158
0.0447846,0.210676
0.0448073,0.185366
0.0448299,0.159328
0.0448526,0.132664
0.0448753,0.105478
0.044898,0.0778788
0.0449206,0.0499733
0.0449433,0.0218714
0.044966,-0.00631642
0.0449887,-0.0344794
0.0450113,-0.062507
0.045034,-0.0902889
0.0450567,-0.117716
0.0450794,-0.144681
0.045102,-0.171077
0.0451247,-0.196802
0.0451474,-0.221753
0.0451701,-0.245833
0.0451927,-0.268947
0.0452154,-0.291004
0.0452381,-0.311918
0.0452608,-0.331607
0.0452834,-0.349993
0.0453061,-0.367004
0.0453288,-0.382574
0.0453515,-0.39664
0.0453742,-0.409148
0.0453968,-0.420048
0.0454195,-0.429299
0.0454422,-0.436862
0.0454649,-0.44271
0.0454875,-0.446818
0.0455102,-0.449171
0.0455329,-0.449759
0.0455556,-0.44858
0.0455782,-0.445639
0.0456009,-0.440947
0.0456236,-0.434523
0.0456463,-0.426391
0.0456689,-0.416585
0.0456916,-0.405142
0.0457143,-0.392107
0.045737,-0.377532
0.0457596,-0.361473
0.0457823,-0.343995
0.045805,-0.325165
0.0458277,-0.305057
0.0458503,-0.283751
0.045873,-0.26133
0.0458957,-0.237883
0.0459184,-0.213501
0.045941,-0.18828
0.0459637,-0.16232
0.0459864,-0.135722
0.0460091,-0.108591
0.0460317,-0.0810326
0.0460544,-0.0531563
0.0460771,-0.0250712
0.0460998,0.00311244
0.0461225,0.0312838
0.0461451,0.0593323
0.0461678,0.0871477
0.0461905,0.114621
0.0462132,0.141643
0.0462358,0.16811
0.0462585,0.193915
0.0462812,0.218959
0.0463039,0.243143
0.0463265,0.266372
0.0463492,0.288554
0.0463719,0.309602
0.0463946,0.329434
0.0464172,0.347972
